MatchID,SetSequenceNumber,GameSequenceNumber,PointSequenceNumber,TimeStamp,ServerID,Server-ServeSide,Server-ServeNumber,Returner-ReturnStrokeType,PointLength,PointDifferential,GameDifferential,P1DominantStrokeHand,P2DominantStrokeHand,P1DominantPlayingDepth,P2DominantPlayingDepth,P1ShotsOutsideSidelines,P2ShotsOutsideSidelines,P1ShortShots,P2ShortShots,Server-ServeSpeed,Server-WideServe,WinnerID,PointOutcome,P1-WINNER,P1-UNFORCED_ERROR,P2-WINNER,P2-UNFORCED_ERROR
89,0,0,0,'2007-01-31 00:36:23.29',P1,P1-DEUCE,P1-2,P2-BACKHAND,MEDIUM,0,0,NONE,NONE,INSIDE_BASELINE,BEHIND_BASELINE,true,false,false,true,P1-SLOW,P1-false,P2,P2-UNFORCED_ERROR,false,false,false,true
89,0,0,1,'2007-01-31 00:36:50.74',P1,P1-AD,P1-1,P2-FOREHAND,MEDIUM,-1,0,NONE,FOREHAND,NEUTRAL,BEHIND_BASELINE,false,false,false,true,P1-SLOW,P1-false,P2,P2-UNFORCED_ERROR,false,false,false,true
89,0,0,2,'2007-01-31 00:37:25.84',P1,P1-DEUCE,P1-2,P2-BACKHAND,SHORT,-2,0,BACKHAND,BACKHAND,INSIDE_BASELINE,BEHIND_BASELINE,false,false,false,true,P1-SLOW,P1-false,P1,P1-UNFORCED_ERROR,false,true,false,false
89,0,0,3,'2007-01-31 00:37:58.94',P1,P1-AD,P1-2,P2-BACKHAND,SHORT,-1,0,NONE,BACKHAND,NEUTRAL,NEUTRAL,false,false,false,false,P1-AVERAGE,P1-true,P1,P1-UNFORCED_ERROR,false,true,false,false
89,0,0,4,'2007-01-31 00:38:28.19',P1,P1-DEUCE,P1-2,P2-BACKHAND,SHORT,0,0,BACKHAND,BACKHAND,INSIDE_BASELINE,BEHIND_BASELINE,false,true,false,false,P1-AVERAGE,P1-false,P1,P1-UNFORCED_ERROR,false,true,false,false
89,0,0,5,'2007-01-31 00:38:59.34',P1,P1-AD,P1-2,P2-BACKHAND,MEDIUM,1,0,NONE,NONE,NEUTRAL,BEHIND_BASELINE,false,false,false,false,P1-AVERAGE,P1-false,P1,P1-UNFORCED_ERROR,false,true,false,false
89,0,1,0,'2007-01-31 00:40:07.54',P2,P2-DEUCE,P2-1,P1-BACKHAND,SHORT,0,1,NONE,NONE,NEUTRAL,NEUTRAL,false,false,false,false,P2-FAST,P2-true,P2,P2-ACE,false,false,false,false
89,0,1,1,'2007-01-31 00:40:26.19',P2,P2-AD,P2-1,P1-BACKHAND,MEDIUM,-1,1,BACKHAND,NONE,BEHIND_BASELINE,NEUTRAL,false,false,false,false,P2-AVERAGE,P2-false,P1,P1-UNFORCED_ERROR,false,true,false,false
89,0,1,2,'2007-01-31 00:40:55.24',P2,P2-DEUCE,P2-2,P1-BACKHAND,SHORT,0,1,NONE,FOREHAND,BEHIND_BASELINE,INSIDE_BASELINE,false,false,true,false,P2-SLOW,P2-false,P2,P2-UNFORCED_ERROR,false,false,false,true
89,0,1,3,'2007-01-31 00:41:24.4',P2,P2-AD,P2-2,P1-FOREHAND,SHORT,-1,1,FOREHAND,FOREHAND,NEUTRAL,INSIDE_BASELINE,false,false,false,false,P2-SLOW,P2-false,P2,P2-UNFORCED_ERROR,false,false,false,true
89,0,1,4,'2007-01-31 00:41:45.74',P2,P2-DEUCE,P2-1,P1-BACKHAND,MEDIUM,-2,1,BACKHAND,NONE,BEHIND_BASELINE,NEUTRAL,false,true,false,false,P2-AVERAGE,P2-false,P1,P1-UNFORCED_ERROR,false,true,false,false
89,0,1,5,'2007-01-31 00:42:20.34',P2,P2-AD,P2-2,P1-BACKHAND,SHORT,-1,1,NONE,NONE,NEUTRAL,NEUTRAL,false,false,false,false,P2-SLOW,P2-true,P2,P2-UNFORCED_ERROR,false,false,false,true
89,0,2,0,'2007-01-31 00:42:48.94',P1,P1-DEUCE,P1-1,P2-FOREHAND,LONG,0,0,NONE,BACKHAND,NEUTRAL,BEHIND_BASELINE,true,true,false,true,P1-FAST,P1-false,P1,P1-WINNER,true,false,false,false
89,0,2,1,'2007-01-31 00:43:34.2',P1,P1-AD,P1-1,P2-BACKHAND,MEDIUM,1,0,FOREHAND,NONE,NEUTRAL,BEHIND_BASELINE,true,false,true,false,P1-AVERAGE,P1-true,P1,P1-WINNER,true,false,false,false
89,0,2,2,'2007-01-31 00:44:02.14',P1,P1-DEUCE,P1-1,P2-FOREHAND,SHORT,2,0,NONE,FOREHAND,NEUTRAL,NEUTRAL,false,false,false,false,P1-AVERAGE,P1-true,P2,P2-WINNER,false,false,true,false
89,0,2,3,'2007-01-31 00:44:31.15',P1,P1-AD,P1-2,P2-BACKHAND,MEDIUM,1,0,FOREHAND,NONE,NEUTRAL,NEUTRAL,true,false,true,true,P1-SLOW,P1-true,P1,P1-UNFORCED_ERROR,false,true,false,false
89,0,2,4,'2007-01-31 00:44:56.99',P1,P1-DEUCE,P1-1,P2-FOREHAND,SHORT,2,0,NONE,FOREHAND,NEUTRAL,NEUTRAL,false,false,false,false,P1-AVERAGE,P1-true,P1,P1-UNFORCED_ERROR,false,true,false,false
89,0,3,0,'2007-01-31 00:45:47.89',P2,P2-DEUCE,P2-2,P1-FOREHAND,SHORT,0,1,FOREHAND,NONE,NEUTRAL,NEUTRAL,false,false,false,false,P2-AVERAGE,P2-false,P2,P2-UNFORCED_ERROR,false,false,false,true
89,0,3,1,'2007-01-31 00:46:18.94',P2,P2-AD,P2-2,P1-BACKHAND,MEDIUM,-1,1,NONE,NONE,BEHIND_BASELINE,NEUTRAL,false,false,true,true,P2-SLOW,P2-false,P1,P1-UNFORCED_ERROR,false,true,false,false
89,0,3,2,'2007-01-31 00:46:52.89',P2,P2-DEUCE,P2-2,P1-BACKHAND,MEDIUM,0,1,NONE,BACKHAND,INSIDE_BASELINE,BEHIND_BASELINE,false,false,true,false,P2-SLOW,P2-false,P2,P2-UNFORCED_ERROR,false,false,false,true
89,0,3,3,'2007-01-31 00:47:25.59',P2,P2-AD,P2-2,P1-BACKHAND,MEDIUM,-1,1,NONE,FOREHAND,INSIDE_BASELINE,BEHIND_BASELINE,false,false,false,true,P2-AVERAGE,P2-false,P1,P1-UNFORCED_ERROR,false,true,false,false
89,0,3,4,'2007-01-31 00:47:54.39',P2,P2-DEUCE,P2-1,P1-BACKHAND,SHORT,0,1,NONE,NONE,NEUTRAL,NEUTRAL,false,false,false,false,P2-AVERAGE,P2-true,P2,P2-ACE,false,false,false,false
89,0,3,5,'2007-01-31 00:48:20.25',P2,P2-AD,P2-2,P1-BACKHAND,SHORT,-1,1,BACKHAND,FOREHAND,NEUTRAL,BEHIND_BASELINE,false,false,false,false,P2-FAST,P2-false,P1,P1-UNFORCED_ERROR,false,true,false,false
89,0,3,6,'2007-01-31 00:48:43.95',P2,P2-DEUCE,P2-1,P1-FOREHAND,SHORT,0,1,FOREHAND,NONE,NEUTRAL,NEUTRAL,false,false,false,false,P2-AVERAGE,P2-true,P2,P2-WINNER,false,false,true,false
89,0,3,7,'2007-01-31 00:49:15.85',P2,P2-AD,P2-2,P1-BACKHAND,LONG,-1,1,NONE,NONE,INSIDE_BASELINE,BEHIND_BASELINE,false,false,false,true,P2-SLOW,P2-false,P1,P1-WINNER,true,false,false,false
89,0,3,8,'2007-01-31 00:49:54.7',P2,P2-DEUCE,P2-1,P1-FOREHAND,MEDIUM,0,1,NONE,FOREHAND,BEHIND_BASELINE,NEUTRAL,true,false,false,false,P2-FAST,P2-false,P2,P2-WINNER,false,false,true,false
89,0,3,9,'2007-01-31 00:50:29.0',P2,P2-AD,P2-1,P1-BACKHAND,MEDIUM,-1,1,BACKHAND,FOREHAND,NEUTRAL,BEHIND_BASELINE,false,false,true,true,P2-AVERAGE,P2-false,P2,P2-UNFORCED_ERROR,false,false,false,true
89,0,4,0,'2007-01-31 00:51:18.4',P1,P1-DEUCE,P1-2,P2-FOREHAND,MEDIUM,0,0,FOREHAND,FOREHAND,INSIDE_BASELINE,BEHIND_BASELINE,false,false,true,true,P1-AVERAGE,P1-true,P1,P1-WINNER,true,false,false,false
89,0,4,1,'2007-01-31 00:51:53.79',P1,P1-AD,P1-2,P2-BACKHAND,SHORT,1,0,NONE,BACKHAND,NEUTRAL,NEUTRAL,false,false,false,false,P1-SLOW,P1-true,P1,P1-UNFORCED_ERROR,false,true,false,false
89,0,4,2,'2007-01-31 00:52:12.55',P1,P1-DEUCE,P1-1,P2-FOREHAND,MEDIUM,2,0,NONE,FOREHAND,INSIDE_BASELINE,BEHIND_BASELINE,false,false,false,false,P1-AVERAGE,P1-false,P2,P2-UNFORCED_ERROR,false,false,false,true
89,0,4,3,'2007-01-31 00:52:36.59',P1,P1-AD,P1-1,P2-BACKHAND,SHORT,1,0,NONE,BACKHAND,NEUTRAL,NEUTRAL,false,false,false,false,P1-FAST,P1-true,P1,P1-WINNER,true,false,false,false
89,0,4,4,'2007-01-31 00:52:52.65',P1,P1-DEUCE,P1-1,P2-FOREHAND,SHORT,2,0,NONE,FOREHAND,NEUTRAL,NEUTRAL,false,false,false,false,P1-SLOW,P1-false,P1,P1-WINNER,true,false,false,false
89,0,5,0,'2007-01-31 00:53:25.7',P2,P2-DEUCE,P2-1,P1-BACKHAND,SHORT,0,1,NONE,NONE,NEUTRAL,NEUTRAL,false,false,false,false,P2-AVERAGE,P2-true,P2,P2-ACE,false,false,false,false
89,0,5,1,'2007-01-31 00:53:48.79',P2,P2-AD,P2-2,P1-BACKHAND,MEDIUM,-1,1,BACKHAND,BACKHAND,BEHIND_BASELINE,INSIDE_BASELINE,false,false,true,true,P2-AVERAGE,P2-false,P1,P1-UNFORCED_ERROR,false,true,false,false
89,0,5,2,'2007-01-31 00:54:21.5',P2,P2-DEUCE,P2-2,P1-FOREHAND,SHORT,0,1,FOREHAND,FOREHAND,BEHIND_BASELINE,INSIDE_BASELINE,false,true,false,false,P2-?,P2-true,P2,P2-UNFORCED_ERROR,false,false,false,true
89,0,5,3,'2007-01-31 00:54:44.45',P2,P2-AD,P2-1,P1-BACKHAND,SHORT,-1,1,BACKHAND,NONE,NEUTRAL,NEUTRAL,false,false,false,false,P2-AVERAGE,P2-false,P2,P2-UNFORCED_ERROR,false,false,false,true
89,0,5,4,'2007-01-31 00:55:07.79',P2,P2-DEUCE,P2-2,P1-BACKHAND,MEDIUM,-2,1,BACKHAND,BACKHAND,BEHIND_BASELINE,NEUTRAL,false,false,true,false,P2-AVERAGE,P2-false,P2,P2-UNFORCED_ERROR,false,false,false,true
89,0,6,0,'2007-01-31 00:55:47.3',P1,P1-DEUCE,P1-1,P2-FOREHAND,SHORT,0,0,FOREHAND,NONE,INSIDE_BASELINE,BEHIND_BASELINE,false,false,false,false,P1-AVERAGE,P1-false,P1,P1-UNFORCED_ERROR,false,true,false,false
89,0,6,1,'2007-01-31 00:56:36.35',P1,P1-AD,P1-2,P2-BACKHAND,LONG,1,0,NONE,BACKHAND,INSIDE_BASELINE,NEUTRAL,true,true,true,true,P1-SLOW,P1-false,P2,P2-WINNER,false,false,true,false
89,0,6,2,'2007-01-31 00:57:08.35',P1,P1-DEUCE,P1-1,P2-FOREHAND,MEDIUM,0,0,BACKHAND,NONE,INSIDE_BASELINE,BEHIND_BASELINE,false,false,false,true,P1-AVERAGE,P1-true,P2,P2-UNFORCED_ERROR,false,false,false,true
89,0,6,3,'2007-01-31 00:57:45.64',P1,P1-AD,P1-2,P2-FOREHAND,SHORT,-1,0,NONE,FOREHAND,NEUTRAL,NEUTRAL,false,false,false,false,P1-AVERAGE,P1-false,P1,P1-WINNER,true,false,false,false
89,0,6,4,'2007-01-31 00:58:05.15',P1,P1-DEUCE,P1-1,P2-FOREHAND,SHORT,0,0,FOREHAND,NONE,BEHIND_BASELINE,BEHIND_BASELINE,false,false,false,false,P1-FAST,P1-true,P1,P1-WINNER,true,false,false,false
89,0,6,5,'2007-01-31 00:58:37.79',P1,P1-AD,P1-2,P2-BACKHAND,LONG,1,0,NONE,BACKHAND,INSIDE_BASELINE,BEHIND_BASELINE,false,true,false,true,P1-AVERAGE,P1-true,P2,P2-UNFORCED_ERROR,false,false,false,true
89,0,6,6,'2007-01-31 00:59:30.8',P1,P1-DEUCE,P1-2,P2-BACKHAND,LONG,0,0,FOREHAND,FOREHAND,BEHIND_BASELINE,BEHIND_BASELINE,false,false,true,true,P1-SLOW,P1-false,P1,P1-UNFORCED_ERROR,false,true,false,false
89,0,6,7,'2007-01-31 01:00:21.54',P1,P1-AD,P1-2,P2-FOREHAND,LONG,1,0,BACKHAND,NONE,INSIDE_BASELINE,INSIDE_BASELINE,false,true,true,true,P1-SLOW,P1-true,P1,P1-WINNER,true,false,false,false
89,0,7,0,'2007-01-31 01:01:29.49',P2,P2-DEUCE,P2-2,P1-BACKHAND,SHORT,0,1,BACKHAND,BACKHAND,NEUTRAL,BEHIND_BASELINE,false,false,false,false,P2-AVERAGE,P2-false,P1,P1-UNFORCED_ERROR,false,true,false,false
89,0,7,1,'2007-01-31 01:01:55.54',P2,P2-AD,P2-2,P1-BACKHAND,MEDIUM,1,1,NONE,NONE,INSIDE_BASELINE,NEUTRAL,false,false,false,true,P2-SLOW,P2-false,P1,P1-UNFORCED_ERROR,false,true,false,false
89,0,7,2,'2007-01-31 01:02:37.3',P2,P2-DEUCE,P2-2,P1-FOREHAND,MEDIUM,2,1,NONE,NONE,NEUTRAL,NEUTRAL,false,false,true,true,P2-SLOW,P2-false,P2,P2-UNFORCED_ERROR,false,false,false,true
89,0,7,3,'2007-01-31 01:03:25.15',P2,P2-AD,P2-1,P1-BACKHAND,SHORT,1,1,NONE,FOREHAND,BEHIND_BASELINE,INSIDE_BASELINE,false,false,false,false,P2-AVERAGE,P2-true,P2,P2-WINNER,false,false,true,false
89,0,7,4,'2007-01-31 01:03:59.74',P2,P2-DEUCE,P2-2,P1-FOREHAND,MEDIUM,0,1,FOREHAND,FOREHAND,NEUTRAL,NEUTRAL,false,false,false,true,P2-SLOW,P2-false,P2,P2-WINNER,false,false,true,false
89,0,7,5,'2007-01-31 01:04:47.54',P2,P2-AD,P2-2,P1-BACKHAND,MEDIUM,-1,1,BACKHAND,FOREHAND,NEUTRAL,INSIDE_BASELINE,false,true,true,true,P2-SLOW,P2-false,P2,P2-WINNER,false,false,true,false
89,0,8,0,'2007-01-31 01:05:30.2',P1,P1-DEUCE,P1-1,P2-BACKHAND,SHORT,0,0,NONE,BACKHAND,NEUTRAL,NEUTRAL,false,false,false,false,P1-AVERAGE,P1-false,P1,P1-WINNER,true,false,false,false
89,0,8,1,'2007-01-31 01:05:52.55',P1,P1-AD,P1-2,P2-BACKHAND,SHORT,1,0,FOREHAND,NONE,INSIDE_BASELINE,BEHIND_BASELINE,false,false,false,false,P1-AVERAGE,P1-false,P1,P1-WINNER,true,false,false,false
89,0,8,2,'2007-01-31 01:06:16.64',P1,P1-DEUCE,P1-1,P2-BACKHAND,SHORT,2,0,FOREHAND,BACKHAND,INSIDE_BASELINE,NEUTRAL,false,false,false,true,P1-FAST,P1-false,P2,P2-UNFORCED_ERROR,false,false,false,true
89,0,8,3,'2007-01-31 01:06:48.8',P1,P1-AD,P1-2,P2-BACKHAND,SHORT,1,0,FOREHAND,BACKHAND,INSIDE_BASELINE,NEUTRAL,true,false,false,false,P1-SLOW,P1-true,P2,P2-UNFORCED_ERROR,false,false,false,true
89,0,8,4,'2007-01-31 01:07:11.5',P1,P1-DEUCE,P1-1,P2-BACKHAND,SHORT,0,0,NONE,BACKHAND,NEUTRAL,NEUTRAL,false,false,false,false,P1-SLOW,P1-false,P1,P1-WINNER,true,false,false,false
89,0,8,5,'2007-01-31 01:07:35.9',P1,P1-AD,P1-2,P2-FOREHAND,MEDIUM,1,0,FOREHAND,NONE,INSIDE_BASELINE,BEHIND_BASELINE,false,false,false,true,P1-?,P1-true,P2,P2-WINNER,false,false,true,false
89,0,8,6,'2007-01-31 01:08:21.19',P1,P1-DEUCE,P1-2,P2-BACKHAND,SHORT,0,0,FOREHAND,BACKHAND,INSIDE_BASELINE,NEUTRAL,true,false,false,false,P1-AVERAGE,P1-false,P2,P2-UNFORCED_ERROR,false,false,false,true
89,0,8,7,'2007-01-31 01:08:50.59',P1,P1-AD,P1-1,P2-BACKHAND,MEDIUM,-1,0,NONE,BACKHAND,INSIDE_BASELINE,NEUTRAL,false,false,false,true,P1-SLOW,P1-false,P2,P2-WINNER,false,false,true,false
89,0,9,0,'2007-01-31 01:10:43.9',P2,P2-DEUCE,P2-1,P1-BACKHAND,SHORT,0,-1,BACKHAND,NONE,NEUTRAL,NEUTRAL,false,false,false,false,P2-?,P2-false,P2,P2-WINNER,false,false,true,false
89,0,9,1,'2007-01-31 01:11:02.99',P2,P2-AD,P2-1,P1-FOREHAND,LONG,-1,-1,BACKHAND,FOREHAND,BEHIND_BASELINE,NEUTRAL,false,false,true,true,P2-AVERAGE,P2-false,P1,P1-UNFORCED_ERROR,false,true,false,false
89,0,9,2,'2007-01-31 01:12:01.14',P2,P2-DEUCE,P2-2,P1-FOREHAND,MEDIUM,0,-1,NONE,FOREHAND,BEHIND_BASELINE,NEUTRAL,false,true,true,false,P2-SLOW,P2-false,P2,P2-WINNER,false,false,true,false
89,0,9,3,'2007-01-31 01:12:41.4',P2,P2-AD,P2-2,P1-BACKHAND,SHORT,-1,-1,BACKHAND,NONE,NEUTRAL,NEUTRAL,false,false,false,false,P2-?,P2-false,P2,P2-UNFORCED_ERROR,false,false,false,true
89,0,9,4,'2007-01-31 01:13:14.9',P2,P2-DEUCE,P2-2,P1-BACKHAND,LONG,-2,-1,BACKHAND,NONE,INSIDE_BASELINE,NEUTRAL,false,true,true,true,P2-?,P2-false,P1,P1-WINNER,true,false,false,false
89,0,9,5,'2007-01-31 01:14:02.59',P2,P2-AD,P2-1,P1-BACKHAND,SHORT,-1,-1,BACKHAND,FOREHAND,NEUTRAL,INSIDE_BASELINE,false,true,false,false,P2-SLOW,P2-true,P1,P1-UNFORCED_ERROR,false,true,false,false
89,0,9,6,'2007-01-31 01:14:37.49',P2,P2-DEUCE,P2-2,P1-BACKHAND,MEDIUM,0,-1,NONE,NONE,NEUTRAL,NEUTRAL,false,false,false,true,P2-SLOW,P2-false,P1,P1-WINNER,true,false,false,false
89,0,9,7,'2007-01-31 01:15:20.4',P2,P2-AD,P2-2,P1-BACKHAND,SHORT,1,-1,BACKHAND,FOREHAND,INSIDE_BASELINE,INSIDE_BASELINE,false,false,true,true,P2-?,P2-false,P1,P1-WINNER,true,false,false,false
89,0,10,0,'2007-01-31 01:15:57.79',P1,P1-DEUCE,P1-1,P2-BACKHAND,SHORT,0,0,FOREHAND,NONE,INSIDE_BASELINE,BEHIND_BASELINE,false,false,false,true,P1-AVERAGE,P1-false,P2,P2-WINNER,false,false,true,false
89,0,10,1,'2007-01-31 01:16:24.34',P1,P1-AD,P1-1,P2-BACKHAND,SHORT,-1,0,FOREHAND,BACKHAND,INSIDE_BASELINE,NEUTRAL,false,false,false,false,P1-FAST,P1-true,P1,P1-WINNER,true,false,false,false
89,0,10,2,'2007-01-31 01:16:56.64',P1,P1-DEUCE,P1-2,P2-BACKHAND,LONG,0,0,NONE,NONE,INSIDE_BASELINE,NEUTRAL,false,false,true,true,P1-SLOW,P1-false,P1,P1-WINNER,true,false,false,false
89,0,10,3,'2007-01-31 01:17:49.99',P1,P1-AD,P1-2,P2-BACKHAND,MEDIUM,1,0,NONE,NONE,INSIDE_BASELINE,BEHIND_BASELINE,false,false,false,true,P1-SLOW,P1-true,P1,P1-WINNER,true,false,false,false
89,0,10,4,'2007-01-31 01:18:19.44',P1,P1-DEUCE,P1-1,P2-BACKHAND,SHORT,2,0,NONE,BACKHAND,NEUTRAL,NEUTRAL,false,false,false,false,P1-FAST,P1-false,P1,P1-WINNER,true,false,false,false
89,0,11,0,'2007-01-31 01:19:25.24',P2,P2-DEUCE,P2-1,P1-FOREHAND,SHORT,0,1,FOREHAND,NONE,NEUTRAL,NEUTRAL,false,false,false,false,P2-FAST,P2-true,P2,P2-UNFORCED_ERROR,false,false,false,true
89,0,11,1,'2007-01-31 01:19:41.39',P2,P2-AD,P2-1,P1-BACKHAND,SHORT,-1,1,BACKHAND,FOREHAND,NEUTRAL,INSIDE_BASELINE,false,false,false,false,P2-SLOW,P2-true,P1,P1-UNFORCED_ERROR,false,true,false,false
89,0,11,2,'2007-01-31 01:20:01.49',P2,P2-DEUCE,P2-1,P1-BACKHAND,SHORT,0,1,NONE,FOREHAND,BEHIND_BASELINE,BEHIND_BASELINE,true,false,false,false,P2-AVERAGE,P2-false,P2,P2-UNFORCED_ERROR,false,false,false,true
89,0,11,3,'2007-01-31 01:20:26.64',P2,P2-AD,P2-1,P1-FOREHAND,LONG,-1,1,NONE,FOREHAND,BEHIND_BASELINE,BEHIND_BASELINE,false,false,false,true,P2-FAST,P2-false,P2,P2-UNFORCED_ERROR,false,false,false,true
89,0,11,4,'2007-01-31 01:20:55.14',P2,P2-DEUCE,P2-1,P1-FOREHAND,SHORT,-2,1,FOREHAND,BACKHAND,NEUTRAL,INSIDE_BASELINE,false,false,false,false,P2-AVERAGE,P2-false,P1,P1-UNFORCED_ERROR,false,true,false,false
89,0,11,5,'2007-01-31 01:21:28.3',P2,P2-AD,P2-2,P1-FOREHAND,LONG,-1,1,FOREHAND,NONE,NEUTRAL,BEHIND_BASELINE,false,false,true,true,P2-SLOW,P2-true,P1,P1-WINNER,true,false,false,false
89,0,11,6,'2007-01-31 01:22:51.4',P2,P2-DEUCE,P2-1,P1-BACKHAND,SHORT,0,1,BACKHAND,NONE,NEUTRAL,NEUTRAL,false,false,false,false,P2-FAST,P2-false,P2,P2-WINNER,false,false,true,false
89,0,11,7,'2007-01-31 01:23:21.5',P2,P2-AD,P2-2,P1-FOREHAND,SHORT,-1,1,FOREHAND,BACKHAND,NEUTRAL,BEHIND_BASELINE,false,false,false,false,P2-SLOW,P2-false,P1,P1-WINNER,true,false,false,false
89,0,11,8,'2007-01-31 01:23:56.69',P2,P2-DEUCE,P2-2,P1-FOREHAND,SHORT,0,1,FOREHAND,FOREHAND,NEUTRAL,BEHIND_BASELINE,false,false,false,false,P2-AVERAGE,P2-false,P1,P1-UNFORCED_ERROR,false,true,false,false
89,0,11,9,'2007-01-31 01:24:34.15',P2,P2-AD,P2-2,P1-BACKHAND,SHORT,1,1,NONE,FOREHAND,BEHIND_BASELINE,BEHIND_BASELINE,false,false,false,false,P2-SLOW,P2-false,P2,P2-UNFORCED_ERROR,false,false,false,true
89,0,11,10,'2007-01-31 01:25:07.4',P2,P2-DEUCE,P2-1,P1-BACKHAND,SHORT,0,1,BACKHAND,FOREHAND,NEUTRAL,INSIDE_BASELINE,false,false,false,false,P2-FAST,P2-false,P1,P1-UNFORCED_ERROR,false,true,false,false
89,0,11,11,'2007-01-31 01:25:53.9',P2,P2-AD,P2-2,P1-BACKHAND,SHORT,1,1,NONE,FOREHAND,BEHIND_BASELINE,INSIDE_BASELINE,false,true,false,false,P2-FAST,P2-true,P2,P2-WINNER,false,false,true,false
89,0,11,12,'2007-01-31 01:26:25.3',P2,P2-DEUCE,P2-1,P1-FOREHAND,MEDIUM,0,1,NONE,BACKHAND,INSIDE_BASELINE,NEUTRAL,false,false,false,true,P2-AVERAGE,P2-true,P1,P1-UNFORCED_ERROR,false,true,false,false
89,0,11,13,'2007-01-31 01:26:58.6',P2,P2-AD,P2-1,P1-FOREHAND,SHORT,1,1,FOREHAND,NONE,NEUTRAL,NEUTRAL,false,false,false,false,P2-SLOW,P2-false,P2,P2-UNFORCED_ERROR,false,false,false,true
89,0,11,14,'2007-01-31 01:27:19.99',P2,P2-DEUCE,P2-1,P1-BACKHAND,SHORT,0,1,NONE,NONE,NEUTRAL,NEUTRAL,false,false,false,false,P2-FAST,P2-true,P2,P2-ACE,false,false,false,false
89,0,11,15,'2007-01-31 01:27:49.14',P2,P2-AD,P2-2,P1-BACKHAND,MEDIUM,-1,1,BACKHAND,NONE,BEHIND_BASELINE,BEHIND_BASELINE,false,false,false,true,P2-SLOW,P2-true,P1,P1-UNFORCED_ERROR,false,true,false,false
89,0,11,16,'2007-01-31 01:28:21.95',P2,P2-DEUCE,P2-1,P1-FOREHAND,MEDIUM,0,1,NONE,NONE,BEHIND_BASELINE,NEUTRAL,true,false,true,false,P2-AVERAGE,P2-false,P1,P1-UNFORCED_ERROR,false,true,false,false
89,0,11,17,'2007-01-31 01:29:03.59',P2,P2-AD,P2-2,P1-BACKHAND,SHORT,1,1,BACKHAND,NONE,NEUTRAL,NEUTRAL,false,false,false,false,P2-SLOW,P2-true,P2,P2-UNFORCED_ERROR,false,false,false,true
89,0,11,18,'2007-01-31 01:29:25.6',P2,P2-DEUCE,P2-1,P1-FOREHAND,SHORT,0,1,NONE,FOREHAND,BEHIND_BASELINE,BEHIND_BASELINE,true,false,false,false,P2-SLOW,P2-false,P2,P2-UNFORCED_ERROR,false,false,false,true
89,0,11,19,'2007-01-31 01:29:50.34',P2,P2-AD,P2-1,P1-BACKHAND,MEDIUM,-1,1,BACKHAND,NONE,BEHIND_BASELINE,BEHIND_BASELINE,true,false,false,false,P2-SLOW,P2-false,P2,P2-WINNER,false,false,true,false
89,0,12,0,'2007-01-31 01:31:45.45',P1,P1-DEUCE,P1-2,P2-BACKHAND,MEDIUM,0,0,FOREHAND,BACKHAND,NEUTRAL,BEHIND_BASELINE,false,false,false,false,P1-SLOW,P1-false,P1,P1-UNFORCED_ERROR,false,true,false,false
89,0,12,1,'2007-01-31 01:32:37.14',P2,P2-AD,P2-2,P1-BACKHAND,MEDIUM,1,0,NONE,FOREHAND,BEHIND_BASELINE,NEUTRAL,false,true,false,false,P2-SLOW,P2-false,P1,P1-UNFORCED_ERROR,false,true,false,false
89,0,12,2,'2007-01-31 01:33:12.35',P2,P2-DEUCE,P2-1,P1-FOREHAND,LONG,2,0,FOREHAND,FOREHAND,INSIDE_BASELINE,BEHIND_BASELINE,false,true,true,true,P2-FAST,P2-true,P1,P1-UNFORCED_ERROR,false,true,false,false
89,0,12,3,'2007-01-31 01:33:48.2',P1,P1-AD,P1-1,P2-BACKHAND,MEDIUM,3,0,FOREHAND,NONE,INSIDE_BASELINE,INSIDE_BASELINE,false,false,true,true,P1-SLOW,P1-false,P1,P1-WINNER,true,false,false,false
89,0,12,4,'2007-01-31 01:34:13.99',P1,P1-DEUCE,P1-1,P2-BACKHAND,MEDIUM,4,0,FOREHAND,FOREHAND,NEUTRAL,BEHIND_BASELINE,false,false,false,false,P1-AVERAGE,P1-false,P1,P1-UNFORCED_ERROR,false,true,false,false
89,0,12,5,'2007-01-31 01:34:47.19',P2,P2-AD,P2-1,P1-BACKHAND,SHORT,5,0,BACKHAND,FOREHAND,NEUTRAL,INSIDE_BASELINE,false,false,false,false,P2-SLOW,P2-false,P2,P2-WINNER,false,false,true,false
89,0,12,6,'2007-01-31 01:35:37.59',P2,P2-DEUCE,P2-1,P1-FOREHAND,SHORT,4,0,FOREHAND,NONE,NEUTRAL,NEUTRAL,false,false,false,false,P2-SLOW,P2-true,P2,P2-WINNER,false,false,true,false
89,0,12,7,'2007-01-31 01:36:14.25',P1,P1-AD,P1-2,P2-FOREHAND,MEDIUM,3,0,NONE,NONE,INSIDE_BASELINE,NEUTRAL,false,false,false,true,P1-AVERAGE,P1-false,P1,P1-WINNER,true,false,false,false
89,0,12,8,'2007-01-31 01:36:42.74',P1,P1-DEUCE,P1-1,P2-FOREHAND,LONG,4,0,NONE,NONE,BEHIND_BASELINE,NEUTRAL,false,true,true,false,P1-AVERAGE,P1-true,P1,P1-WINNER,true,false,false,false
89,1,0,0,'2007-01-31 01:38:24.54',P2,P2-DEUCE,P2-1,P1-FOREHAND,SHORT,0,0,FOREHAND,NONE,NEUTRAL,NEUTRAL,false,false,false,false,P2-FAST,P2-true,P2,P2-UNFORCED_ERROR,false,false,false,true
89,1,0,1,'2007-01-31 01:38:38.75',P2,P2-AD,P2-1,P1-BACKHAND,SHORT,-1,0,NONE,NONE,NEUTRAL,NEUTRAL,false,false,false,false,P2-AVERAGE,P2-true,P2,P2-ACE,false,false,false,false
89,1,0,2,'2007-01-31 01:38:52.75',P2,P2-DEUCE,P2-1,P1-BACKHAND,MEDIUM,-2,0,NONE,NONE,NEUTRAL,INSIDE_BASELINE,false,false,true,false,P2-AVERAGE,P2-false,P1,P1-WINNER,true,false,false,false
89,1,0,3,'2007-01-31 01:39:15.99',P2,P2-AD,P2-1,P1-BACKHAND,MEDIUM,-1,0,FOREHAND,NONE,NEUTRAL,BEHIND_BASELINE,true,false,false,true,P2-AVERAGE,P2-false,P1,P1-WINNER,true,false,false,false
89,1,0,4,'2007-01-31 01:39:51.5',P2,P2-DEUCE,P2-2,P1-BACKHAND,MEDIUM,0,0,NONE,FOREHAND,BEHIND_BASELINE,BEHIND_BASELINE,false,false,true,true,P2-SLOW,P2-false,P2,P2-UNFORCED_ERROR,false,false,false,true
89,1,0,5,'2007-01-31 01:40:17.1',P2,P2-AD,P2-1,P1-FOREHAND,MEDIUM,-1,0,FOREHAND,FOREHAND,NEUTRAL,NEUTRAL,false,false,false,true,P2-FAST,P2-false,P2,P2-WINNER,false,false,true,false
89,1,1,0,'2007-01-31 01:41:06.0',P1,P1-DEUCE,P1-1,P2-BACKHAND,SHORT,0,-1,BACKHAND,BACKHAND,INSIDE_BASELINE,NEUTRAL,false,false,false,true,P1-AVERAGE,P1-false,P1,P1-WINNER,true,false,false,false
89,1,1,1,'2007-01-31 01:41:31.5',P1,P1-AD,P1-1,P2-BACKHAND,SHORT,1,-1,BACKHAND,BACKHAND,INSIDE_BASELINE,NEUTRAL,false,false,false,true,P1-AVERAGE,P1-false,P1,P1-WINNER,true,false,false,false
89,1,1,2,'2007-01-31 01:41:49.55',P1,P1-DEUCE,P1-1,P2-FOREHAND,SHORT,2,-1,NONE,FOREHAND,NEUTRAL,NEUTRAL,false,false,false,false,P1-FAST,P1-false,P1,P1-WINNER,true,false,false,false
89,1,1,3,'1969-12-31 19:00:00.0',P1,P1-AD,P1-2,P2-BACKHAND,SHORT,3,-1,NONE,NONE,NEUTRAL,NEUTRAL,false,false,false,false,P1-?,P1-false,P2,P2-DOUBLE_FAULT,false,false,false,false
89,1,1,4,'2007-01-31 01:42:33.94',P1,P1-DEUCE,P1-2,P2-BACKHAND,LONG,2,-1,FOREHAND,BACKHAND,BEHIND_BASELINE,BEHIND_BASELINE,false,false,true,false,P1-SLOW,P1-false,P1,P1-WINNER,true,false,false,false
89,1,2,0,'2007-01-31 01:43:41.7',P2,P2-DEUCE,P2-2,P1-BACKHAND,MEDIUM,0,0,NONE,NONE,BEHIND_BASELINE,NEUTRAL,false,false,false,false,P2-SLOW,P2-false,P2,P2-UNFORCED_ERROR,false,false,false,true
89,1,2,1,'2007-01-31 01:44:14.9',P2,P2-AD,P2-1,P1-FOREHAND,LONG,-1,0,FOREHAND,NONE,BEHIND_BASELINE,BEHIND_BASELINE,false,false,true,true,P2-?,P2-false,P2,P2-UNFORCED_ERROR,false,false,false,true
89,1,2,2,'2007-01-31 01:44:58.9',P2,P2-DEUCE,P2-2,P1-BACKHAND,MEDIUM,-2,0,NONE,NONE,BEHIND_BASELINE,BEHIND_BASELINE,false,false,true,false,P2-SLOW,P2-false,P2,P2-WINNER,false,false,true,false
89,1,2,3,'2007-01-31 01:45:25.75',P2,P2-AD,P2-1,P1-FOREHAND,SHORT,-3,0,FOREHAND,FOREHAND,NEUTRAL,INSIDE_BASELINE,false,true,false,false,P2-SLOW,P2-false,P2,P2-WINNER,false,false,true,false
89,1,3,0,'2007-01-31 01:46:11.55',P1,P1-DEUCE,P1-2,P2-BACKHAND,SHORT,0,-1,FOREHAND,BACKHAND,INSIDE_BASELINE,NEUTRAL,false,false,false,false,P1-SLOW,P1-false,P1,P1-WINNER,true,false,false,false
89,1,3,1,'2007-01-31 01:46:29.64',P1,P1-AD,P1-1,P2-BACKHAND,SHORT,1,-1,FOREHAND,BACKHAND,INSIDE_BASELINE,NEUTRAL,false,false,false,true,P1-SLOW,P1-false,P1,P1-WINNER,true,false,false,false
89,1,3,2,'2007-01-31 01:46:53.4',P1,P1-DEUCE,P1-2,P2-BACKHAND,SHORT,2,-1,BACKHAND,NONE,INSIDE_BASELINE,BEHIND_BASELINE,false,false,false,false,P1-SLOW,P1-false,P1,P1-UNFORCED_ERROR,false,true,false,false
89,1,3,3,'2007-01-31 01:47:21.8',P1,P1-AD,P1-1,P2-BACKHAND,SHORT,3,-1,NONE,BACKHAND,NEUTRAL,NEUTRAL,false,false,false,false,P1-SLOW,P1-false,P1,P1-WINNER,true,false,false,false
89,1,4,0,'2007-01-31 01:47:57.65',P2,P2-DEUCE,P2-2,P1-BACKHAND,MEDIUM,0,0,NONE,FOREHAND,BEHIND_BASELINE,NEUTRAL,false,false,true,true,P2-SLOW,P2-false,P2,P2-WINNER,false,false,true,false
89,1,4,1,'2007-01-31 01:48:25.5',P2,P2-AD,P2-1,P1-BACKHAND,SHORT,-1,0,BACKHAND,FOREHAND,NEUTRAL,INSIDE_BASELINE,false,false,true,false,P2-?,P2-true,P2,P2-WINNER,false,false,true,false
89,1,4,2,'2007-01-31 01:48:51.0',P2,P2-DEUCE,P2-1,P1-BACKHAND,SHORT,-2,0,NONE,NONE,NEUTRAL,NEUTRAL,false,false,false,false,P2-SLOW,P2-true,P2,P2-ACE,false,false,false,false
89,1,4,3,'2007-01-31 01:49:05.4',P2,P2-AD,P2-1,P1-BACKHAND,SHORT,-3,0,BACKHAND,FOREHAND,NEUTRAL,INSIDE_BASELINE,false,false,true,false,P2-SLOW,P2-false,P2,P2-WINNER,false,false,true,false
89,1,5,0,'2007-01-31 01:49:23.64',P1,P1-DEUCE,P1-1,P2-BACKHAND,SHORT,0,-1,FOREHAND,BACKHAND,INSIDE_BASELINE,NEUTRAL,false,false,false,false,P1-SLOW,P1-false,P1,P1-WINNER,true,false,false,false
89,1,5,1,'2007-01-31 01:49:44.2',P1,P1-AD,P1-1,P2-FOREHAND,SHORT,1,-1,FOREHAND,FOREHAND,INSIDE_BASELINE,NEUTRAL,true,false,false,true,P1-AVERAGE,P1-false,P1,P1-WINNER,true,false,false,false
89,1,5,2,'2007-01-31 01:50:07.35',P1,P1-DEUCE,P1-1,P2-BACKHAND,LONG,2,-1,NONE,NONE,BEHIND_BASELINE,BEHIND_BASELINE,false,false,true,true,P1-AVERAGE,P1-false,P1,P1-UNFORCED_ERROR,false,true,false,false
89,1,5,3,'2007-01-31 01:50:48.79',P1,P1-AD,P1-1,P2-BACKHAND,SHORT,3,-1,NONE,NONE,NEUTRAL,NEUTRAL,false,false,false,false,P1-AVERAGE,P1-true,P1,P1-ACE,false,false,false,false
89,1,6,0,'2007-01-31 01:51:24.75',P2,P2-DEUCE,P2-2,P1-FOREHAND,MEDIUM,0,0,FOREHAND,BACKHAND,NEUTRAL,NEUTRAL,false,false,true,true,P2-SLOW,P2-false,P1,P1-WINNER,true,false,false,false
89,1,6,1,'2007-01-31 01:52:40.94',P2,P2-AD,P2-2,P1-BACKHAND,MEDIUM,1,0,NONE,NONE,BEHIND_BASELINE,NEUTRAL,false,false,true,true,P2-AVERAGE,P2-false,P2,P2-WINNER,false,false,true,false
89,1,6,2,'2007-01-31 01:53:15.59',P2,P2-DEUCE,P2-2,P1-FOREHAND,SHORT,0,0,FOREHAND,FOREHAND,NEUTRAL,INSIDE_BASELINE,false,false,true,false,P2-SLOW,P2-false,P1,P1-UNFORCED_ERROR,false,true,false,false
89,1,6,3,'2007-01-31 01:53:39.7',P2,P2-AD,P2-1,P1-FOREHAND,LONG,1,0,FOREHAND,NONE,NEUTRAL,BEHIND_BASELINE,false,true,true,false,P2-AVERAGE,P2-false,P1,P1-WINNER,true,false,false,false
89,1,6,4,'2007-01-31 01:54:36.5',P2,P2-DEUCE,P2-1,P1-FOREHAND,MEDIUM,2,0,NONE,NONE,NEUTRAL,INSIDE_BASELINE,false,false,false,true,P2-?,P2-true,P1,P1-WINNER,true,false,false,false
89,1,7,0,'2007-01-31 01:55:34.65',P1,P1-DEUCE,P1-2,P2-BACKHAND,SHORT,0,1,NONE,BACKHAND,NEUTRAL,NEUTRAL,false,false,false,false,P1-SLOW,P1-false,P1,P1-WINNER,true,false,false,false
89,1,7,1,'2007-01-31 01:55:50.1',P1,P1-AD,P1-1,P2-BACKHAND,SHORT,1,1,FOREHAND,NONE,INSIDE_BASELINE,INSIDE_BASELINE,false,false,true,false,P1-AVERAGE,P1-false,P2,P2-WINNER,false,false,true,false
89,1,7,2,'2007-01-31 01:56:11.29',P1,P1-DEUCE,P1-1,P2-BACKHAND,SHORT,0,1,NONE,NONE,NEUTRAL,NEUTRAL,false,false,false,false,P1-SLOW,P1-true,P1,P1-ACE,false,false,false,false
89,1,7,3,'2007-01-31 01:56:34.34',P1,P1-AD,P1-2,P2-FOREHAND,MEDIUM,1,1,FOREHAND,NONE,NEUTRAL,BEHIND_BASELINE,false,false,false,false,P1-SLOW,P1-false,P1,P1-UNFORCED_ERROR,false,true,false,false
89,1,7,4,'2007-01-31 01:56:56.19',P1,P1-DEUCE,P1-1,P2-BACKHAND,SHORT,2,1,NONE,BACKHAND,NEUTRAL,NEUTRAL,false,false,false,false,P1-SLOW,P1-false,P1,P1-WINNER,true,false,false,false
89,1,8,0,'2007-01-31 01:57:33.79',P2,P2-DEUCE,P2-1,P1-FOREHAND,SHORT,0,2,FOREHAND,NONE,NEUTRAL,NEUTRAL,false,false,false,false,P2-SLOW,P2-true,P2,P2-UNFORCED_ERROR,false,false,false,true
89,1,8,1,'2007-01-31 01:57:46.85',P2,P2-AD,P2-1,P1-BACKHAND,SHORT,-1,2,NONE,FOREHAND,BEHIND_BASELINE,INSIDE_BASELINE,false,false,false,true,P2-AVERAGE,P2-true,P2,P2-UNFORCED_ERROR,false,false,false,true
89,1,8,2,'2007-01-31 01:58:06.59',P2,P2-DEUCE,P2-1,P1-FOREHAND,SHORT,-2,2,FOREHAND,NONE,NEUTRAL,NEUTRAL,false,false,false,false,P2-SLOW,P2-false,P2,P2-UNFORCED_ERROR,false,false,false,true
89,1,8,3,'2007-01-31 01:58:26.99',P2,P2-AD,P2-2,P1-BACKHAND,MEDIUM,-3,2,BACKHAND,NONE,NEUTRAL,NEUTRAL,false,false,false,false,P2-AVERAGE,P2-false,P1,P1-WINNER,true,false,false,false
89,1,8,4,'2007-01-31 01:59:00.6',P2,P2-DEUCE,P2-2,P1-BACKHAND,MEDIUM,-2,2,BACKHAND,FOREHAND,BEHIND_BASELINE,NEUTRAL,false,false,false,false,P2-SLOW,P2-false,P2,P2-WINNER,false,false,true,false
89,1,9,0,'2007-01-31 01:59:27.49',P1,P1-DEUCE,P1-1,P2-FOREHAND,SHORT,0,1,NONE,FOREHAND,NEUTRAL,NEUTRAL,false,false,false,false,P1-SLOW,P1-true,P1,P1-WINNER,true,false,false,false
89,1,9,1,'2007-01-31 01:59:45.29',P1,P1-AD,P1-1,P2-FOREHAND,SHORT,1,1,FOREHAND,NONE,INSIDE_BASELINE,BEHIND_BASELINE,false,false,false,false,P1-AVERAGE,P1-false,P1,P1-WINNER,true,false,false,false
89,1,9,2,'2007-01-31 02:00:11.59',P1,P1-DEUCE,P1-2,P2-BACKHAND,LONG,2,1,FOREHAND,NONE,NEUTRAL,BEHIND_BASELINE,false,false,true,false,P1-SLOW,P1-false,P1,P1-WINNER,true,false,false,false
89,1,9,3,'2007-01-31 02:00:45.69',P1,P1-AD,P1-1,P2-BACKHAND,SHORT,3,1,NONE,NONE,NEUTRAL,NEUTRAL,false,false,false,false,P1-SLOW,P1-true,P1,P1-ACE,false,false,false,false
89,2,0,0,'2007-01-31 02:02:32.95',P2,P2-DEUCE,P2-1,P1-FOREHAND,MEDIUM,0,0,BACKHAND,BACKHAND,NEUTRAL,INSIDE_BASELINE,false,false,true,false,P2-FAST,P2-true,P1,P1-WINNER,true,false,false,false
89,2,0,1,'2007-01-31 02:03:08.7',P2,P2-AD,P2-1,P1-FOREHAND,SHORT,1,0,FOREHAND,BACKHAND,NEUTRAL,INSIDE_BASELINE,false,false,true,false,P2-SLOW,P2-true,P2,P2-WINNER,false,false,true,false
89,2,0,2,'2007-01-31 02:03:37.0',P2,P2-DEUCE,P2-2,P1-BACKHAND,MEDIUM,0,0,BACKHAND,NONE,NEUTRAL,NEUTRAL,false,false,true,true,P2-SLOW,P2-false,P2,P2-UNFORCED_ERROR,false,false,false,true
89,2,0,3,'2007-01-31 02:04:16.28',P2,P2-AD,P2-2,P1-BACKHAND,SHORT,-1,0,NONE,BACKHAND,BEHIND_BASELINE,INSIDE_BASELINE,false,false,true,false,P2-SLOW,P2-false,P1,P1-WINNER,true,false,false,false
89,2,0,4,'2007-01-31 02:04:48.63',P2,P2-DEUCE,P2-1,P1-FOREHAND,SHORT,0,0,FOREHAND,NONE,NEUTRAL,NEUTRAL,false,false,false,false,P2-AVERAGE,P2-false,P2,P2-UNFORCED_ERROR,false,false,false,true
89,2,0,5,'2007-01-31 02:05:14.73',P2,P2-AD,P2-2,P1-BACKHAND,SHORT,-1,0,BACKHAND,FOREHAND,NEUTRAL,INSIDE_BASELINE,false,true,false,false,P2-SLOW,P2-false,P1,P1-UNFORCED_ERROR,false,true,false,false
89,2,0,6,'2007-01-31 02:05:38.28',P2,P2-DEUCE,P2-1,P1-FOREHAND,SHORT,0,0,FOREHAND,NONE,NEUTRAL,NEUTRAL,false,false,false,false,P2-AVERAGE,P2-false,P2,P2-WINNER,false,false,true,false
89,2,0,7,'2007-01-31 02:05:56.83',P2,P2-AD,P2-1,P1-BACKHAND,SHORT,-1,0,BACKHAND,NONE,NEUTRAL,NEUTRAL,false,false,false,false,P2-FAST,P2-true,P2,P2-WINNER,false,false,true,false
89,2,1,0,'2007-01-31 02:06:43.79',P1,P1-DEUCE,P1-1,P2-BACKHAND,SHORT,0,-1,NONE,NONE,NEUTRAL,NEUTRAL,false,false,false,false,P1-AVERAGE,P1-true,P1,P1-ACE,false,false,false,false
89,2,1,1,'2007-01-31 02:07:14.4',P1,P1-AD,P1-1,P2-BACKHAND,MEDIUM,1,-1,FOREHAND,BACKHAND,INSIDE_BASELINE,INSIDE_BASELINE,false,false,false,true,P1-AVERAGE,P1-false,P1,P1-WINNER,true,false,false,false
89,2,1,2,'2007-01-31 02:07:37.4',P1,P1-DEUCE,P1-1,P2-FOREHAND,MEDIUM,2,-1,FOREHAND,NONE,NEUTRAL,INSIDE_BASELINE,false,false,false,true,P1-AVERAGE,P1-true,P2,P2-WINNER,false,false,true,false
89,2,1,3,'2007-01-31 02:08:04.9',P1,P1-AD,P1-1,P2-BACKHAND,MEDIUM,1,-1,NONE,NONE,INSIDE_BASELINE,BEHIND_BASELINE,false,false,false,true,P1-FAST,P1-false,P1,P1-WINNER,true,false,false,false
89,2,1,4,'2007-01-31 02:08:39.95',P1,P1-DEUCE,P1-2,P2-FOREHAND,SHORT,2,-1,NONE,FOREHAND,NEUTRAL,NEUTRAL,false,false,false,false,P1-AVERAGE,P1-false,P1,P1-UNFORCED_ERROR,false,true,false,false
89,2,2,0,'2007-01-31 02:09:40.4',P2,P2-DEUCE,P2-2,P1-BACKHAND,SHORT,0,0,NONE,NONE,NEUTRAL,NEUTRAL,false,false,false,false,P2-SLOW,P2-true,P1,P1-DOUBLE_FAULT,false,false,false,false
89,2,2,1,'2007-01-31 02:09:53.89',P2,P2-AD,P2-1,P1-BACKHAND,MEDIUM,1,0,NONE,FOREHAND,BEHIND_BASELINE,INSIDE_BASELINE,false,false,true,true,P2-SLOW,P2-false,P2,P2-WINNER,false,false,true,false
89,2,2,2,'2007-01-31 02:10:49.85',P2,P2-DEUCE,P2-1,P1-BACKHAND,SHORT,0,0,BACKHAND,FOREHAND,NEUTRAL,INSIDE_BASELINE,false,false,false,false,P2-SLOW,P2-false,P1,P1-UNFORCED_ERROR,false,true,false,false
89,2,2,3,'2007-01-31 02:11:12.14',P2,P2-AD,P2-1,P1-FOREHAND,SHORT,1,0,FOREHAND,NONE,NEUTRAL,NEUTRAL,false,false,false,false,P2-SLOW,P2-false,P2,P2-WINNER,false,false,true,false
89,2,2,4,'1969-12-31 19:00:00.0',P2,P2-DEUCE,P2-2,P1-BACKHAND,SHORT,0,0,NONE,NONE,NEUTRAL,NEUTRAL,false,false,false,false,P2-?,P2-false,P2,P2-ACE,false,false,false,false
89,2,2,5,'2007-01-31 02:12:27.54',P2,P2-AD,P2-2,P1-BACKHAND,SHORT,-1,0,BACKHAND,FOREHAND,BEHIND_BASELINE,INSIDE_BASELINE,false,false,false,true,P2-SLOW,P2-false,P2,P2-UNFORCED_ERROR,false,false,false,true
89,2,3,0,'2007-01-31 02:13:08.15',P1,P1-DEUCE,P1-2,P2-FOREHAND,SHORT,0,-1,NONE,FOREHAND,NEUTRAL,NEUTRAL,false,false,false,false,P1-AVERAGE,P1-false,P1,P1-WINNER,true,false,false,false
89,2,3,1,'2007-01-31 02:13:34.7',P1,P1-AD,P1-2,P2-FOREHAND,SHORT,1,-1,NONE,FOREHAND,NEUTRAL,NEUTRAL,false,false,false,false,P1-SLOW,P1-false,P1,P1-WINNER,true,false,false,false
89,2,3,2,'2007-01-31 02:14:02.55',P1,P1-DEUCE,P1-1,P2-BACKHAND,SHORT,2,-1,FOREHAND,BACKHAND,BEHIND_BASELINE,NEUTRAL,false,false,false,false,P1-AVERAGE,P1-false,P1,P1-WINNER,true,false,false,false
89,2,3,3,'2007-01-31 02:14:19.89',P1,P1-AD,P1-1,P2-FOREHAND,SHORT,3,-1,FOREHAND,NONE,INSIDE_BASELINE,BEHIND_BASELINE,false,true,true,true,P1-SLOW,P1-false,P1,P1-WINNER,true,false,false,false
89,2,4,0,'2007-01-31 02:14:56.49',P2,P2-DEUCE,P2-1,P1-BACKHAND,SHORT,0,0,BACKHAND,FOREHAND,BEHIND_BASELINE,INSIDE_BASELINE,false,false,false,false,P2-SLOW,P2-false,P2,P2-WINNER,false,false,true,false
89,2,4,1,'2007-01-31 02:15:14.94',P2,P2-AD,P2-1,P1-BACKHAND,SHORT,-1,0,BACKHAND,FOREHAND,NEUTRAL,INSIDE_BASELINE,false,true,true,false,P2-SLOW,P2-false,P1,P1-UNFORCED_ERROR,false,true,false,false
89,2,4,2,'2007-01-31 02:15:34.5',P2,P2-DEUCE,P2-1,P1-FOREHAND,SHORT,0,0,FOREHAND,BACKHAND,NEUTRAL,INSIDE_BASELINE,false,false,true,false,P2-SLOW,P2-true,P2,P2-WINNER,false,false,true,false
89,2,4,3,'2007-01-31 02:15:59.9',P2,P2-AD,P2-1,P1-FOREHAND,MEDIUM,-1,0,NONE,NONE,BEHIND_BASELINE,INSIDE_BASELINE,false,false,false,true,P2-AVERAGE,P2-false,P2,P2-WINNER,false,false,true,false
89,2,4,4,'2007-01-31 02:16:26.99',P2,P2-DEUCE,P2-2,P1-BACKHAND,SHORT,-2,0,NONE,NONE,NEUTRAL,NEUTRAL,false,false,false,false,P2-AVERAGE,P2-true,P1,P1-DOUBLE_FAULT,false,false,false,false
89,2,4,5,'2007-01-31 02:16:52.39',P2,P2-AD,P2-2,P1-BACKHAND,MEDIUM,-1,0,NONE,FOREHAND,BEHIND_BASELINE,INSIDE_BASELINE,false,false,true,true,P2-SLOW,P2-false,P1,P1-UNFORCED_ERROR,false,true,false,false
89,2,4,6,'2007-01-31 02:17:21.49',P2,P2-DEUCE,P2-1,P1-FOREHAND,SHORT,0,0,NONE,FOREHAND,BEHIND_BASELINE,INSIDE_BASELINE,false,false,false,false,P2-SLOW,P2-true,P2,P2-WINNER,false,false,true,false
89,2,4,7,'2007-01-31 02:17:44.44',P2,P2-AD,P2-1,P1-FOREHAND,SHORT,-1,0,FOREHAND,NONE,NEUTRAL,NEUTRAL,false,false,false,false,P2-AVERAGE,P2-false,P2,P2-UNFORCED_ERROR,false,false,false,true
89,2,5,0,'2007-01-31 02:18:11.19',P1,P1-DEUCE,P1-2,P2-BACKHAND,SHORT,0,-1,FOREHAND,BACKHAND,INSIDE_BASELINE,NEUTRAL,false,false,false,true,P1-SLOW,P1-false,P1,P1-WINNER,true,false,false,false
89,2,5,1,'2007-01-31 02:18:29.34',P1,P1-AD,P1-1,P2-BACKHAND,MEDIUM,1,-1,FOREHAND,NONE,NEUTRAL,BEHIND_BASELINE,false,false,false,false,P1-SLOW,P1-false,P1,P1-UNFORCED_ERROR,false,true,false,false
89,2,5,2,'2007-01-31 02:19:06.89',P1,P1-DEUCE,P1-1,P2-FOREHAND,SHORT,2,-1,FOREHAND,FOREHAND,INSIDE_BASELINE,NEUTRAL,false,false,false,false,P1-AVERAGE,P1-false,P1,P1-WINNER,true,false,false,false
89,2,5,3,'2007-01-31 02:19:27.84',P1,P1-AD,P1-1,P2-BACKHAND,SHORT,3,-1,NONE,BACKHAND,NEUTRAL,NEUTRAL,false,false,false,false,P1-SLOW,P1-false,P1,P1-WINNER,true,false,false,false
89,2,6,0,'2007-01-31 02:20:03.24',P2,P2-DEUCE,P2-1,P1-FOREHAND,LONG,0,0,NONE,NONE,INSIDE_BASELINE,BEHIND_BASELINE,true,false,false,true,P2-FAST,P2-true,P1,P1-WINNER,true,false,false,false
89,2,6,1,'2007-01-31 02:20:49.29',P2,P2-AD,P2-2,P1-BACKHAND,LONG,1,0,NONE,NONE,NEUTRAL,BEHIND_BASELINE,false,false,false,true,P2-SLOW,P2-false,P1,P1-UNFORCED_ERROR,false,true,false,false
89,2,6,2,'2007-01-31 02:21:49.47',P2,P2-DEUCE,P2-1,P1-FOREHAND,MEDIUM,2,0,NONE,NONE,INSIDE_BASELINE,NEUTRAL,false,false,false,true,P2-SLOW,P2-true,P2,P2-WINNER,false,false,true,false
89,2,6,3,'2007-01-31 02:22:22.72',P2,P2-AD,P2-1,P1-BACKHAND,SHORT,1,0,BACKHAND,FOREHAND,BEHIND_BASELINE,INSIDE_BASELINE,false,false,false,true,P2-SLOW,P2-false,P2,P2-UNFORCED_ERROR,false,false,false,true
89,2,6,4,'2007-01-31 02:22:51.14',P2,P2-DEUCE,P2-1,P1-BACKHAND,LONG,0,0,NONE,NONE,INSIDE_BASELINE,BEHIND_BASELINE,false,false,true,true,P2-AVERAGE,P2-false,P1,P1-WINNER,true,false,false,false
89,2,6,5,'2007-01-31 02:24:04.89',P2,P2-AD,P2-1,P1-FOREHAND,MEDIUM,1,0,NONE,FOREHAND,BEHIND_BASELINE,INSIDE_BASELINE,false,false,true,false,P2-SLOW,P2-false,P2,P2-UNFORCED_ERROR,false,false,false,true
89,2,6,6,'2007-01-31 02:24:35.54',P2,P2-DEUCE,P2-1,P1-BACKHAND,SHORT,0,0,BACKHAND,NONE,NEUTRAL,NEUTRAL,false,false,false,false,P2-SLOW,P2-false,P2,P2-UNFORCED_ERROR,false,false,false,true
89,2,6,7,'1969-12-31 19:00:00.0',P2,P2-AD,P2-2,P1-BACKHAND,SHORT,-1,0,NONE,NONE,NEUTRAL,NEUTRAL,false,false,false,false,P2-?,P2-false,P1,P1-DOUBLE_FAULT,false,false,false,false
89,2,6,8,'2007-01-31 02:25:27.69',P2,P2-DEUCE,P2-1,P1-FOREHAND,SHORT,0,0,FOREHAND,FOREHAND,NEUTRAL,BEHIND_BASELINE,false,false,false,false,P2-SLOW,P2-true,P2,P2-WINNER,false,false,true,false
89,2,6,9,'2007-01-31 02:25:45.39',P2,P2-AD,P2-1,P1-BACKHAND,SHORT,-1,0,BACKHAND,FOREHAND,NEUTRAL,BEHIND_BASELINE,false,false,false,false,P2-SLOW,P2-false,P1,P1-WINNER,true,false,false,false
89,2,6,10,'2007-01-31 02:26:11.89',P2,P2-DEUCE,P2-1,P1-BACKHAND,MEDIUM,0,0,NONE,NONE,BEHIND_BASELINE,BEHIND_BASELINE,false,false,false,true,P2-SLOW,P2-false,P1,P1-UNFORCED_ERROR,false,true,false,false
89,2,6,11,'2007-01-31 02:26:47.24',P2,P2-AD,P2-1,P1-BACKHAND,SHORT,1,0,NONE,FOREHAND,BEHIND_BASELINE,INSIDE_BASELINE,false,false,false,false,P2-SLOW,P2-false,P2,P2-UNFORCED_ERROR,false,false,false,true
89,2,6,12,'2007-01-31 02:27:16.8',P2,P2-DEUCE,P2-2,P1-BACKHAND,MEDIUM,0,0,NONE,NONE,BEHIND_BASELINE,BEHIND_BASELINE,false,false,false,false,P2-SLOW,P2-false,P1,P1-WINNER,true,false,false,false
89,2,6,13,'2007-01-31 02:27:56.1',P2,P2-AD,P2-1,P1-FOREHAND,SHORT,1,0,FOREHAND,FOREHAND,INSIDE_BASELINE,BEHIND_BASELINE,false,false,true,true,P2-FAST,P2-false,P2,P2-UNFORCED_ERROR,false,false,false,true
89,2,6,14,'1969-12-31 19:00:00.0',P2,P2-DEUCE,P2-2,P1-BACKHAND,SHORT,0,0,NONE,NONE,NEUTRAL,NEUTRAL,false,false,false,false,P2-?,P2-false,P1,P1-UNFORCED_ERROR,false,true,false,false
89,2,6,15,'2007-01-31 02:29:12.7',P2,P2-AD,P2-2,P1-BACKHAND,LONG,1,0,NONE,BACKHAND,INSIDE_BASELINE,BEHIND_BASELINE,true,false,true,true,P2-SLOW,P2-false,P1,P1-WINNER,true,false,false,false
89,2,7,0,'2007-01-31 02:30:00.81',P1,P1-DEUCE,P1-1,P2-BACKHAND,SHORT,0,1,NONE,NONE,NEUTRAL,NEUTRAL,false,false,false,false,P1-SLOW,P1-true,P1,P1-ACE,false,false,false,false
89,2,7,1,'2007-01-31 02:30:23.36',P1,P1-AD,P1-2,P2-BACKHAND,MEDIUM,1,1,NONE,BACKHAND,NEUTRAL,BEHIND_BASELINE,true,false,true,false,P1-AVERAGE,P1-true,P2,P2-WINNER,false,false,true,false
89,2,7,2,'2007-01-31 02:30:58.56',P1,P1-DEUCE,P1-1,P2-BACKHAND,MEDIUM,0,1,NONE,NONE,INSIDE_BASELINE,NEUTRAL,false,false,true,true,P1-SLOW,P1-false,P1,P1-WINNER,true,false,false,false
89,2,7,3,'2007-01-31 02:31:34.86',P1,P1-AD,P1-2,P2-BACKHAND,SHORT,1,1,FOREHAND,BACKHAND,BEHIND_BASELINE,NEUTRAL,true,false,false,false,P1-SLOW,P1-false,P1,P1-WINNER,true,false,false,false
89,2,7,4,'2007-01-31 02:32:04.61',P1,P1-DEUCE,P1-2,P2-BACKHAND,MEDIUM,2,1,NONE,BACKHAND,NEUTRAL,INSIDE_BASELINE,false,false,true,false,P1-SLOW,P1-false,P1,P1-WINNER,true,false,false,false
89,2,8,0,'2007-01-31 02:32:43.66',P2,P2-DEUCE,P2-1,P1-FOREHAND,SHORT,0,2,FOREHAND,FOREHAND,NEUTRAL,INSIDE_BASELINE,false,false,false,false,P2-AVERAGE,P2-false,P1,P1-WINNER,true,false,false,false
89,2,8,1,'2007-01-31 02:33:15.36',P2,P2-AD,P2-1,P1-BACKHAND,SHORT,1,2,BACKHAND,FOREHAND,NEUTRAL,INSIDE_BASELINE,false,false,false,false,P2-AVERAGE,P2-false,P2,P2-WINNER,false,false,true,false
89,2,8,2,'1969-12-31 19:00:00.0',P2,P2-DEUCE,P2-2,P1-BACKHAND,SHORT,0,2,NONE,NONE,NEUTRAL,NEUTRAL,false,false,false,false,P2-?,P2-false,P2,P2-WINNER,false,false,true,false
89,2,8,3,'1969-12-31 19:00:00.0',P2,P2-AD,P2-2,P1-BACKHAND,SHORT,-1,2,NONE,NONE,NEUTRAL,NEUTRAL,false,false,false,false,P2-?,P2-false,P1,P1-WINNER,true,false,false,false
89,2,8,4,'1969-12-31 19:00:00.0',P2,P2-DEUCE,P2-2,P1-BACKHAND,SHORT,0,2,NONE,NONE,NEUTRAL,NEUTRAL,false,false,false,false,P2-?,P2-false,P2,P2-WINNER,false,false,true,false
89,2,8,5,'1969-12-31 19:00:00.0',P2,P2-AD,P2-2,P1-BACKHAND,SHORT,-1,2,NONE,NONE,NEUTRAL,NEUTRAL,false,false,false,false,P2-?,P2-false,P2,P2-UNFORCED_ERROR,false,false,false,true
89,2,9,0,'1969-12-31 19:00:00.0',P1,P1-DEUCE,P1-2,P2-BACKHAND,SHORT,0,1,NONE,NONE,NEUTRAL,NEUTRAL,false,false,false,false,P1-?,P1-false,P1,P1-ACE,false,false,false,false
89,2,9,1,'2007-01-31 02:35:33.71',P1,P1-AD,P1-1,P2-BACKHAND,SHORT,1,1,FOREHAND,BACKHAND,INSIDE_BASELINE,NEUTRAL,false,false,false,true,P1-FAST,P1-false,P1,P1-WINNER,true,false,false,false
89,2,9,2,'2007-01-31 02:36:06.1',P1,P1-DEUCE,P1-2,P2-BACKHAND,LONG,2,1,NONE,NONE,INSIDE_BASELINE,BEHIND_BASELINE,false,false,true,true,P1-SLOW,P1-false,P1,P1-WINNER,true,false,false,false
89,2,9,3,'2007-01-31 02:36:43.91',P1,P1-AD,P1-1,P2-FOREHAND,MEDIUM,3,1,BACKHAND,FOREHAND,NEUTRAL,BEHIND_BASELINE,false,false,false,false,P1-AVERAGE,P1-false,P1,P1-WINNER,true,false,false,false
